[
  {
    "value": 1,
    "sound": "/sound/satu.mp3"
  },
  {
    "value": 2,
    "sound": "/sound/dua.mp3"
  },
  {
    "value": 3,
    "sound": "/sound/tiga.mp3"
  },
  {
    "value": 4,
    "sound": "/sound/empat.mp3"
  },
  {
    "value": 5,
    "sound": "/sound/lima.mp3"
  },
  {
    "value": 6,
    "sound": "/sound/enam.mp3"
  },
  {
    "value": 7,
    "sound": "/sound/tujuh.mp3"
  },
  {
    "value": 8,
    "sound": "/sound/delapan.mp3"
  },
  {
    "value": 9,
    "sound": "/sound/sembilan.mp3"
  },
  {
    "value": 10,
    "sound": "/sound/sepuluh.mp3"
  },
  {
    "value": 11,
    "sound": "/sound/sebelas.mp3"
  },
  {
    "value": 12,
    "sound": "/sound/duabelas.mp3"
  },
  {
    "value": 13,
    "sound": "/sound/tigabelas.mp3"
  },
  {
    "value": 14,
    "sound": "/sound/empatbelas.mp3"
  },
  {
    "value": 15,
    "sound": "/sound/limabelas.mp3"
  },
  {
    "value": 16,
    "sound": "/sound/enambelas.mp3"
  },
  {
    "value": 17,
    "sound": "/sound/tujuhbelas.mp3"
  },
  {
    "value": 18,
    "sound": "/sound/delapanbelas.mp3"
  },
  {
    "value": 19,
    "sound": "/sound/sembilanbelas.mp3"
  },
  {
    "value": 20,
    "sound": "/sound/duapuluh.mp3"
  }
]