[
	{
		"title": "Apa itu aplikasi Archord",
		"description": "Aplikasi Archord adalah aplikasi yang terhubung dengan alat pendeteksi skor pada papan target panahan melalui jaringan lokal. Aplikasi ini dibangun untuk mempermudah atlet dalam memonitoring hasil latihannya. Melalui aplikasi ini, kualitas seorang atlet bisadilihat perkembangannya atau penurunanya selama latihan.",
		"list": []
	},
	{
		"title": "Bagaimana cara menggunakan aplikasi Archord",
		"description": "Langkah langkah yang harus dilakukan dalam menggunakan aplikasi Archord antara lain sebagai berikut :",
		"list": [
			"Menyalakan alat pendeteksi skor kemudian memastikan jarak antara papan target dengan alat sejauh 5 meter.",
			"Jika indikator led hijau sudah menyala maka alat sudah siap digunakan dan aplikasi bisa dibuka.",
			"Saat aplikasi sudah memasuki halaman utama artinya aplikasi siap merekam skor  yang terdeteksi pada alat deteksi skor panahan otomatis.",
			"Sebelum menyimpan data skor panahan, jangan lupa untuk memasukkan nama atlet agar bisa tersimpan di database.",
			"Skor bisa dilihat dan dibuka di halaman database untuk dianalisa dengan hasil latihan sebelumnya."
		]
	},
	{
		"title": "Apa keunggulan alat pendeteksi skor ini dibandingkan dengan yang lain.?",
		"description": "Keunggulan alat ini dibandingkan dengan yang lain diantaranya adalah sebagai berikut :",
		"list": [
			"Harganya mudah dijangkau",
			"Portable, bisa dipindahkan sesuka hati",
			"Hasil latihan sebelumnya terekam di aplikasi",
			"Mudah penggunaannya (User Friendly)"
		]
	}
]
